Date,AAPL,GOOGL,JPM,MSFT,TSLA
2022-01-03,178.443115234375,143.99835205078125,146.29104614257812,324.504638671875,399.9266662597656
2022-01-04,176.17837524414062,143.41036987304688,151.83689880371094,318.94024658203125,383.1966552734375
2022-01-05,171.4920654296875,136.83123779296875,149.0609893798828,306.6968078613281,362.7066650390625
2022-01-06,168.62930297851562,136.80393981933594,150.64462280273438,304.2733154296875,354.8999938964844
2022-01-07,168.7959747314453,136.0784454345703,152.13723754882812,304.4284973144531,342.32000732421875
2022-01-10,168.81556701660156,137.71963500976562,152.28289794921875,304.6513977050781,352.7066650390625
2022-01-11,171.64895629882812,138.77880859375,152.43760681152344,305.3397216796875,354.79998779296875
2022-01-12,172.0901336669922,140.46173095703125,153.3022003173828,308.52899169921875,368.739990234375
2022-01-13,168.81556701660156,137.6376953125,153.11106872558594,295.4712829589844,343.85333251953125
2022-01-14,169.6783905029297,138.5250701904297,143.70034790039062,300.7060241699219,349.8699951171875
2022-01-18,166.472412109375,135.06642150878906,137.67529296875,293.38702392578125,343.5033264160156
2022-01-19,162.97238159179688,134.1909637451172,135.5455780029297,294.0462341308594,331.8833312988281
2022-01-20,161.28611755371094,132.3943634033203,134.3897247314453,292.36920166015625,332.0899963378906
2022-01-21,159.2272491455078,129.45863342285156,132.0415802001953,286.9696960449219,314.6333312988281
2022-01-24,158.4527130126953,129.90802001953125,131.92327880859375,287.2992858886719,310.0
2022-01-25,156.64877319335938,126.06551361083984,133.3612518310547,279.6604919433594,306.1333312988281
2022-01-26,156.56051635742188,128.3477783203125,134.62632751464844,287.62884521484375,312.4700012207031
2022-01-27,156.09974670410156,128.121337890625,132.25091552734375,290.6630554199219,276.3666687011719
2022-01-28,166.9920196533203,132.43756103515625,133.43405151367188,298.8253479003906,282.1166687011719
2022-01-31,171.35484313964844,134.37667846679688,135.2452392578125,301.462158203125,312.239990234375
2022-02-01,171.18814086914062,136.70114135742188,137.56605529785156,299.31005859375,310.4166564941406
2022-02-02,172.39404296875,146.9862060546875,136.46481323242188,303.8661804199219,301.88665771484375
2022-02-03,169.5116729736328,142.10984802246094,135.33624267578125,292.0299072265625,297.0466613769531
2022-02-04,169.22695922851562,142.3114471435547,138.84934997558594,296.5763854980469,307.7733459472656
2022-02-07,168.51036071777344,138.2474822998047,139.3135223388672,291.73907470703125,302.4466552734375
2022-02-08,171.62220764160156,138.4441375732422,141.93467712402344,295.23858642578125,307.3333435058594
2022-02-09,173.0456085205078,140.62210083007812,142.5262908935547,301.6850280761719,310.6666564941406
2022-02-10,168.96192932128906,137.6704559326172,141.93467712402344,293.12530517578125,301.51666259765625
2022-02-11,165.54579162597656,133.36268615722656,140.08712768554688,286.00994873046875,286.6666564941406
2022-02-14,165.78138732910156,134.59767150878906,138.78564453125,285.9712219238281,291.9200134277344
2022-02-15,169.61964416503906,135.6727752685547,140.8152313232422,291.2738342285156,307.4766540527344
2022-02-16,169.3840789794922,136.7945098876953,141.070068359375,290.93377685546875,307.7966613769531
2022-02-17,165.78138732910156,131.631103515625,137.82089233398438,282.41461181640625,292.1166687011719
2022-02-18,164.23037719726562,129.509765625,138.4670867919922,279.69464111328125,285.6600036621094
2022-02-22,161.30506896972656,128.92430114746094,138.22134399414062,279.4906311035156,273.84332275390625
2022-02-23,157.1330108642578,126.71402740478516,135.32711791992188,272.2538146972656,254.67999267578125
2022-02-24,159.75408935546875,131.78208923339844,131.55923461914062,286.16424560546875,266.92333984375
2022-02-25,161.8253631591797,133.53848266601562,134.67184448242188,288.8064270019531,269.9566650390625
2022-02-28,162.09036254882812,134.13189697265625,129.0563507080078,290.2441101074219,290.1433410644531
2022-03-01,160.20562744140625,133.14320373535156,124.18716430664062,286.513916015625,288.1233215332031
2022-03-02,163.50396728515625,133.6497039794922,126.7627944946289,291.6040344238281,293.2966613769531
2022-03-03,163.1800079345703,132.98231506347656,125.86178588867188,287.4562072753906,279.7633361816406
2022-03-04,160.17613220214844,131.00294494628906,122.3213882446289,281.5694885253906,279.42999267578125
2022-03-07,156.37716674804688,125.51283264160156,117.59783172607422,270.9327087402344,268.1933288574219
2022-03-08,154.55128479003906,126.23385620117188,116.76961517333984,267.9602355957031,274.79998779296875
2022-03-09,159.96022033691406,132.506103515625,121.44768524169922,280.24835205078125,286.3233337402344
2022-03-10,155.61146545410156,131.5223846435547,120.00968170166016,277.4216613769531,279.4333190917969
2022-03-11,151.8909912109375,128.98092651367188,117.30657196044922,272.05950927734375,265.1166687011719
2022-03-14,147.85641479492188,125.0882568359375,118.47154998779297,268.5333557128906,255.4566650390625
2022-03-15,152.24441528320312,128.31300354003906,120.57393646240234,278.93701171875,267.2966613769531
2022-03-16,156.66183471679688,132.3675537109375,125.9618911743164,285.9699401855469,280.07666015625
2022-03-17,157.6729278564453,132.92221069335938,127.55463409423828,286.7762145996094,290.5333251953125
2022-03-18,160.97132873535156,135.1930694580078,127.5091323852539,291.8371887207031,301.7966613769531
2022-03-21,162.34561157226562,135.16920471191406,127.09957122802734,290.6035461425781,307.0533447265625
2022-03-22,165.72250366210938,138.90992736816406,129.80267333984375,295.3633728027344,331.32666015625
2022-03-23,167.0869903564453,137.32835388183594,127.2178955078125,290.924072265625,333.03668212890625
2022-03-24,170.8761749267578,140.60227966308594,128.04611206054688,295.4022521972656,337.97332763671875
2022-03-25,171.5142059326172,140.7025604248047,129.16555786132812,294.99420166015625,336.8800048828125
2022-03-28,172.3781280517578,140.486572265625,128.20994567871094,301.8134765625,363.9466552734375
2022-03-29,175.67648315429688,141.52935791015625,128.49203491210938,306.3887634277344,366.5233459472656
2022-03-30,174.50831604003906,140.96624755859375,127.90958404541016,304.883056640625,364.663330078125
2022-03-31,171.40626525878906,138.11489868164062,124.06885528564453,299.49176025390625,359.20001220703125
2022-04-01,171.11175537109375,139.1904754638672,123.14959716796875,300.570068359375,361.5299987792969
2022-04-04,175.1659698486328,141.99217224121094,123.69567108154297,305.9613342285156,381.8166809082031
2022-04-05,171.84799194335938,139.6279754638672,122.2562026977539,301.98834228515625,363.7533264160156
2022-04-06,168.67727661132812,135.6126708984375,120.55998229980469,290.93377685546875,348.586669921875
2022-04-07,168.9815673828125,134.95767211914062,120.19322967529297,292.75030517578125,352.4200134277344
2022-04-08,166.9691925048828,132.37451171875,122.39373016357422,288.4761047363281,341.8299865722656
2022-04-11,162.70883178710938,127.94109344482422,121.94445037841797,277.10107421875,325.30999755859375
2022-04-12,164.58375549316406,126.83967590332031,120.60581970214844,273.99261474609375,328.98333740234375
2022-04-13,167.27349853515625,129.00424194335938,116.7182846069336,279.3935241699219,340.7900085449219
2022-04-14,162.2572479248047,125.8619155883789,115.63636779785156,271.82635498046875,328.3333435058594
2022-04-18,162.04132080078125,126.80193328857422,117.7818603515625,272.4966125488281,334.7633361816406
2022-04-19,164.32850646972656,129.11846923828125,120.22073364257812,277.1399230957031,342.7166748046875
2022-04-20,164.16168212890625,127.16294860839844,120.64250946044922,278.1695861816406,325.73333740234375
2022-04-21,163.3665313720703,123.95954132080078,119.707275390625,272.7783508300781,336.260009765625
2022-04-22,158.8214569091797,118.8160171508789,116.26900482177734,266.1922912597656,335.01666259765625
2022-04-25,159.89149475097656,122.23095703125,116.2323226928711,272.6908874511719,332.67333984375
2022-04-26,153.9230499267578,117.83727264404297,112.79403686523438,262.4912109375,292.1400146484375
2022-04-27,153.69725036621094,113.51160430908203,111.32704162597656,275.11944580078125,293.836669921875
2022-04-28,160.6375274658203,117.71063995361328,113.0874252319336,281.34613037109375,292.5033264160156
2022-04-29,154.75746154785156,113.32786560058594,109.43827819824219,269.5824890136719,290.2533264160156
2022-05-02,155.06175231933594,115.784423828125,110.43766784667969,276.3337097167969,300.9800109863281
2022-05-03,156.55384826660156,116.5302734375,112.80319213867188,273.7205810546875,303.0833435058594
2022-05-04,162.97389221191406,121.42354583740234,116.5348892211914,281.6860656738281,317.5400085449219
2022-05-05,153.89358520507812,115.70746612548828,113.61923217773438,269.41729736328125,291.09332275390625
2022-05-06,154.62106323242188,114.95365142822266,113.43585205078125,266.87225341796875,288.54998779296875
2022-05-09,149.48931884765625,111.74031829833984,111.73046112060547,257.0125427246094,262.3699951171875
2022-05-10,151.89788818359375,113.61140441894531,109.0073471069336,261.7918395996094,266.67999267578125
2022-05-11,144.02330017089844,112.8243408203125,108.3197021484375,253.09779357910156,244.6666717529297
2022-05-12,140.14991760253906,112.07103729248047,108.22799682617188,248.0465850830078,242.6666717529297
2022-05-13,144.62301635742188,115.25557708740234,109.19071960449219,253.6515350341797,256.5299987792969
2022-05-16,143.0795440673828,113.66107177734375,108.42972564697266,254.0206298828125,241.4566650390625
2022-05-17,146.7169952392578,115.67517852783203,112.02387237548828,259.1884460449219,253.8699951171875
2022-05-18,138.43939208984375,111.13300323486328,110.10758972167969,247.38775634765625,236.60333251953125
2022-05-19,135.0279541015625,109.62788391113281,108.47557067871094,246.47247314453125,236.47332763671875
2022-05-20,135.263916015625,108.1619873046875,107.58618927001953,245.9077911376953,221.3000030517578
2022-05-23,140.6906280517578,110.72431945800781,114.24270629882812,253.78465270996094,224.96665954589844
2022-05-24,137.98712158203125,105.2441177368164,115.85640716552734,252.78179931640625,209.3866729736328
2022-05-25,138.14442443847656,105.08024597167969,116.66326141357422,255.60540771484375,219.60000610351562
2022-05-26,141.3492889404297,107.05414581298828,118.68038177490234,258.8963928222656,235.91000366210938
2022-05-27,147.1102294921875,111.54715728759766,120.35826110839844,266.0429992675781,253.2100067138672
2022-05-31,146.32374572753906,112.98274993896484,121.23846435546875,264.70916748046875,252.75332641601562
2022-06-01,146.1959991455078,113.11185455322266,119.111328125,265.24468994140625,246.7899932861328
2022-06-02,148.65370178222656,116.81680297851562,121.02758026123047,267.3477783203125,258.3333435058594
2022-06-03,142.92227172851562,113.75640869140625,119.34053802490234,262.90789794921875,234.51666259765625
2022-06-06,143.66940307617188,116.02029418945312,118.9462890625,261.6713562011719,238.27999877929688
2022-06-07,146.1959991455078,116.3470458984375,119.25802612304688,265.3226013183594,238.8866729736328
2022-06-08,145.45863342285156,116.3912353515625,117.36009216308594,263.2875671386719,241.86666870117188
2022-06-09,140.22857666015625,114.04889678955078,114.8936767578125,257.815673828125,239.7066650390625
2022-06-10,134.8117218017578,110.40006256103516,109.61248779296875,246.32644653320312,232.22999572753906
2022-06-13,129.6504669189453,105.66372680664062,106.34840393066406,235.87904357910156,215.73666381835938
2022-06-14,130.515625,105.98450469970703,104.57884216308594,238.05035400390625,220.88999938964844
2022-06-15,133.14044189453125,109.01262664794922,105.81661224365234,245.1288299560547,233.0
2022-06-16,127.86123657226562,105.30718994140625,104.00121307373047,238.51766967773438,213.10000610351562
2022-06-17,129.3358917236328,106.40958404541016,103.63445281982422,241.1270751953125,216.75999450683594
2022-06-21,133.57301330566406,110.77993774414062,106.20170593261719,247.05667114257812,237.0366668701172
2022-06-22,133.06182861328125,110.72383117675781,105.6057357788086,246.4627227783203,236.086669921875
2022-06-23,135.9324188232422,111.47315979003906,104.4504623413086,252.04183959960938,235.07000732421875
2022-06-24,139.26516723632812,117.16690063476562,107.56785583496094,260.64898681640625,245.7066650390625
2022-06-27,139.26516723632812,115.0400619506836,106.70599365234375,257.9130554199219,244.9199981689453
2022-06-28,135.11648559570312,111.24026489257812,106.19253540039062,249.7245330810547,232.663330078125
2022-06-29,136.876220703125,110.93635559082031,105.71575927734375,253.40493774414062,228.49000549316406
2022-06-30,134.40866088867188,108.21662139892578,103.24935913085938,250.06529235839844,224.47332763671875
2022-07-01,136.5812530517578,107.99266815185547,104.56968688964844,252.7428741455078,227.26333618164062
2022-07-05,139.16683959960938,112.48716735839844,104.17192077636719,255.92672729492188,233.06666564941406
2022-07-06,140.50384521484375,113.78719329833984,103.4966812133789,259.1982727050781,231.73333740234375
2022-07-07,143.8758544921875,117.96935272216797,106.11441040039062,261.33056640625,244.5433349609375
2022-07-08,144.55418395996094,118.53594207763672,105.78138732910156,260.6100769042969,250.76333618164062
2022-07-11,142.4208984375,114.8841323852539,104.3939208984375,257.5430603027344,234.3433380126953
2022-07-12,143.39413452148438,113.2394790649414,104.49567413330078,246.98855590820312,233.07000732421875
2022-07-13,143.0303955078125,110.59074401855469,103.51518249511719,246.06356811523438,237.0399932861328
2022-07-14,145.9600372314453,109.61149597167969,99.89848327636719,247.38775634765625,238.31333923339844
2022-07-15,147.63125610351562,111.01183319091797,104.47716522216797,249.95819091796875,240.06666564941406
2022-07-18,144.5836639404297,108.28315734863281,103.40418243408203,247.55325317382812,240.54666137695312
2022-07-19,148.447265625,113.0304183959961,105.9664077758789,252.6941680908203,245.52999877929688
2022-07-20,150.45277404785156,113.11981201171875,105.9478988647461,255.3620147705078,247.5
2022-07-21,152.72369384765625,113.5567855834961,106.66937255859375,257.8642883300781,271.7066650390625
2022-07-22,151.48501586914062,107.1609115600586,106.1513900756836,253.5022735595703,272.24334716796875
2022-07-25,150.3642578125,106.77357482910156,106.57689666748047,252.0126190185547,268.4333190917969
2022-07-26,149.037109375,104.30062866210938,104.91190338134766,245.26513671875,258.8599853515625
2022-07-27,154.1393280029297,112.28556060791016,106.59537506103516,261.66156005859375,274.82000732421875
2022-07-28,154.6898956298828,113.43761444091797,106.19763946533203,269.12957763671875,280.8999938964844
2022-07-29,159.7626495361328,115.52322387695312,106.70638275146484,273.345458984375,297.1499938964844
2022-08-01,158.779541015625,114.0732192993164,105.64263916015625,270.68743896484375,297.27667236328125
2022-08-02,157.30490112304688,114.34137725830078,103.99618530273438,267.5814514160156,300.586669921875
2022-08-03,163.32147216796875,117.27117156982422,105.08767700195312,275.0299072265625,307.39666748046875
2022-08-04,163.00686645507812,117.38041687011719,103.93142700195312,276.17889404296875,308.6333312988281
2022-08-05,162.78045654296875,116.66535186767578,107.07637786865234,275.4583740234375,288.1700134277344
2022-08-08,162.30789184570312,116.49651336669922,105.77212524414062,272.9366760253906,290.42333984375
2022-08-09,162.3571014404297,115.83109283447266,106.72488403320312,274.8644714355469,283.3333435058594
2022-08-10,166.6099853515625,118.88006591796875,109.50907897949219,281.5437316894531,294.3566589355469
2022-08-11,165.87161254882812,118.02596282958984,111.12781524658203,279.4601135253906,286.6300048828125
2022-08-12,169.42555236816406,120.84650421142578,112.9685287475586,284.22137451171875,300.0299987792969
2022-08-15,170.49864196777344,121.2437744140625,113.27378845214844,285.7402038574219,309.32000732421875
2022-08-16,170.3411102294922,120.86636352539062,114.35601043701172,285.0002136230469,306.5633239746094
2022-08-17,171.83746337890625,118.7311019897461,113.39402770996094,284.2488708496094,303.9966735839844
2022-08-18,171.44369506835938,119.34685516357422,112.51529693603516,283.1268310546875,302.8699951171875
2022-08-19,168.8545684814453,116.40713500976562,109.73108673095703,279.2044372558594,296.6666564941406
2022-08-22,164.9659423828125,113.45746612548828,107.9181137084961,271.00836181640625,289.913330078125
2022-08-23,164.63119506835938,113.08008575439453,106.85436248779297,269.7300720214844,296.4533386230469
2022-08-24,164.9265594482422,112.9112319946289,107.11336517333984,269.09588623046875,297.0966796875
2022-08-25,167.38772583007812,115.85096740722656,109.65709686279297,272.0815734863281,296.07000732421875
2022-08-26,161.07736206054688,109.58419036865234,106.0681381225586,261.5827331542969,288.0899963378906
2022-08-29,158.8721466064453,108.67048645019531,105.80914306640625,258.7922058105469,284.82000732421875
2022-08-30,156.4405059814453,108.19377899169922,105.82764434814453,256.58709716796875,277.70001220703125
2022-08-31,154.7767333984375,107.47870635986328,105.19866943359375,255.1234588623047,275.6099853515625
2022-09-01,155.5052947998047,108.98828887939453,105.92015075683594,254.07943725585938,277.1600036621094
2022-09-02,153.388671875,107.1112289428711,105.1801528930664,249.8447723388672,270.2099914550781
2022-09-06,152.12860107421875,106.07836151123047,105.2079086303711,247.1029815673828,274.4200134277344
2022-09-07,153.536376953125,108.70028686523438,107.20590209960938,251.82546997070312,283.70001220703125
2022-09-08,152.05967712402344,107.63761138916016,109.7033462524414,252.2450408935547,289.260009765625
2022-09-09,154.9244384765625,109.89205932617188,110.23058319091797,258.0408935546875,299.67999267578125
2022-09-12,160.8902587890625,110.10062408447266,111.53482818603516,260.1777648925781,304.4200134277344
2022-09-13,151.4492950439453,103.60542297363281,107.65912628173828,245.8735809326172,292.1300048828125
2022-09-14,152.89645385742188,104.28076171875,107.40938568115234,246.0980224609375,302.6099853515625
2022-09-15,150.00216674804688,102.20508575439453,109.02809143066406,239.4240264892578,303.75
2022-09-16,148.3581085205078,102.09584045410156,108.29737091064453,238.799560546875,303.3500061035156
2022-09-19,152.07936096191406,102.36398315429688,109.29634857177734,238.58489990234375,309.07000732421875
2022-09-20,154.46173095703125,100.44721221923828,107.1411361694336,236.56515502929688,308.7300109863281
2022-09-21,151.33116149902344,98.59993743896484,104.05167388916016,233.15008544921875,300.79998779296875
2022-09-22,150.3664093017578,99.45405578613281,102.86769104003906,235.13079833984375,288.5899963378906
2022-09-23,148.09230041503906,98.06364440917969,100.9529800415039,232.1450958251953,275.3299865722656
2022-09-26,148.42703247070312,97.49754333496094,98.77925109863281,231.68650817871094,276.010009765625
2022-09-27,149.401611328125,96.83213806152344,97.9097671508789,230.67173767089844,282.94000244140625
2022-09-28,147.51144409179688,99.36468505859375,99.88922882080078,235.21864318847656,287.80999755859375
2022-09-29,140.26585388183594,96.752685546875,98.19651794433594,231.73529052734375,268.2099914550781
2022-09-30,136.05233764648438,94.99481201171875,96.6610336303711,227.24693298339844,265.25
2022-10-03,140.23629760742188,97.9643325805664,99.64874267578125,234.89663696289062,242.39999389648438
2022-10-04,143.82955932617188,100.94377899169922,104.31068420410156,242.83905029296875,249.44000244140625
2022-10-05,144.1249237060547,100.73521423339844,103.02277374267578,243.1513214111328,240.80999755859375
2022-10-06,143.1699981689453,100.72528839111328,100.92292785644531,240.7997589111328,238.1300048828125
2022-10-07,137.9130096435547,98.00405883789062,98.90708923339844,228.55441284179688,223.07000732421875
2022-10-10,138.23785400390625,97.1896743774414,97.98316192626953,223.68556213378906,222.9600067138672
2022-10-11,136.8202362060547,96.51433563232422,95.15536499023438,219.93875122070312,216.5
2022-10-12,136.19017028808594,96.8917236328125,96.69526672363281,220.27047729492188,217.24000549316406
2022-10-13,140.7679443359375,98.38145446777344,102.07085418701172,228.55441284179688,221.72000122070312
2022-10-14,136.2295379638672,95.89857482910156,103.76937866210938,223.01223754882812,204.99000549316406
2022-10-17,140.19691467285156,99.28522491455078,108.1277084350586,231.76455688476562,219.35000610351562
2022-10-18,141.51612854003906,100.07974243164062,110.90882873535156,232.7110137939453,220.19000244140625
2022-10-19,141.62442016601562,98.94754791259766,108.73432922363281,230.74005126953125,222.0399932861328
2022-10-20,141.1616668701172,99.28522491455078,108.37969207763672,230.41806030273438,207.27999877929688
2022-10-21,144.9813995361328,100.43726348876953,114.07258605957031,236.2431640625,214.44000244140625
2022-10-24,147.12753295898438,101.81774139404297,114.21257019042969,241.24862670898438,211.25
2022-10-25,149.9726104736328,103.76433563232422,114.51122283935547,244.57589721679688,222.4199981689453
2022-10-26,147.02906799316406,94.27975463867188,115.8271255493164,225.7052764892578,224.63999938964844
2022-10-27,142.54981994628906,91.58830261230469,116.284423828125,221.2462158203125,225.08999633789062
2022-10-28,153.3197784423828,95.63043212890625,117.6656494140625,230.14483642578125,228.52000427246094
2022-10-31,150.95706176757812,93.86262512207031,117.47899627685547,226.49563598632812,227.5399932861328
2022-11-01,148.3088836669922,89.85029602050781,119.59749603271484,222.63172912597656,227.82000732421875
2022-11-02,142.77621459960938,86.374267578125,118.49624633789062,214.75762939453125,214.97999572753906
2022-11-03,136.7218017578125,82.8585205078125,118.71089935302734,209.0496063232422,215.30999755859375
2022-11-04,136.45555114746094,85.98694610595703,121.95865631103516,216.01629638671875,207.47000122070312
2022-11-07,136.98802185058594,87.88385009765625,122.60260772705078,222.33901977539062,197.0800018310547
2022-11-08,137.55999755859375,88.29104614257812,122.67726135253906,223.3147430419922,191.3000030517578
2022-11-09,132.99435424804688,86.72187042236328,121.08139038085938,219.060546875,177.58999633789062
2022-11-10,144.82748413085938,93.2965316772461,126.06500244140625,237.08224487304688,190.72000122070312
2022-11-11,147.6180877685547,95.7496109008789,126.27032470703125,241.11199951171875,195.97000122070312
2022-11-14,146.21788024902344,95.04446411132812,124.97308349609375,235.68699645996094,190.9499969482422
2022-11-15,147.95335388183594,97.76570892333984,124.06784057617188,236.09678649902344,194.4199981689453
2022-11-16,146.7207489013672,98.17288970947266,124.23580169677734,236.52731323242188,186.9199981689453
2022-11-17,148.62393188476562,97.68624877929688,123.69453430175781,236.4783477783203,183.1699981689453
2022-11-18,149.18601989746094,96.76261901855469,124.9077377319336,236.0282745361328,180.19000244140625
2022-11-21,145.9516143798828,94.94515991210938,124.17050170898438,236.8404083251953,167.8699951171875
2022-11-22,148.09144592285156,96.38522338867188,126.02766418457031,239.7562713623047,169.91000366210938
2022-11-23,148.9690704345703,97.78557586669922,127.37156677246094,242.2514190673828,183.1999969482422
2022-11-25,146.0502166748047,96.79241180419922,127.6142349243164,242.16331481933594,182.86000061035156
2022-11-28,142.21434020996094,95.39207458496094,125.38371276855469,236.55665588378906,182.9199981689453
2022-11-29,139.20675659179688,94.5379638671875,127.44622802734375,235.15744018554688,180.8300018310547
2022-11-30,145.97134399414062,100.29823303222656,128.9581298828125,249.648681640625,194.6999969482422
2022-12-01,146.24740600585938,100.29823303222656,127.14759063720703,249.20834350585938,194.6999969482422
2022-12-02,145.75437927246094,99.75200653076172,126.13966369628906,249.5312957763672,194.86000061035156
2022-12-05,144.5908203125,98.79857635498047,122.60260772705078,244.8150177001953,182.4499969482422
2022-12-06,140.92254638671875,96.31570434570312,122.80792236328125,239.84432983398438,179.82000732421875
2022-12-07,138.9799346923828,94.28966522216797,122.72393798828125,239.1104736328125,174.0399932861328
2022-12-08,140.66615295410156,93.06809997558594,124.01183319091797,242.0752716064453,173.44000244140625
2022-12-09,140.18299865722656,92.19412231445312,123.33988952636719,240.1378631591797,179.0500030517578
2022-12-12,142.4805908203125,92.67083740234375,125.2530517578125,247.0752716064453,167.82000732421875
2022-12-13,143.4469451904297,94.97494506835938,125.13174438476562,251.39036560058594,160.9499969482422
2022-12-14,141.2183837890625,94.41879272460938,124.5064697265625,251.68394470214844,156.8000030517578
2022-12-15,134.60166931152344,90.23761749267578,121.4173583984375,243.65060424804688,157.6699981689453
2022-12-16,132.63937377929688,89.64173126220703,120.6613998413086,239.42361450195312,150.22999572753906
2022-12-19,130.5291290283203,87.8342056274414,121.38003540039062,235.2748565673828,149.8699951171875
2022-12-20,130.46011352539062,88.41021728515625,121.96800231933594,236.59579467773438,137.8000030517578
2022-12-21,133.5662841796875,88.96638488769531,123.33988952636719,239.16917419433594,137.57000732421875
2022-12-22,130.3910675048828,87.15885162353516,121.93998718261719,233.06349182128906,125.3499984741211
2022-12-23,130.02622985839844,88.61878967285156,122.51860809326172,233.59185791015625,123.1500015258789
2022-12-27,128.22166442871094,86.79138946533203,122.94792175292969,231.85997009277344,109.0999984741211
2022-12-28,124.28716278076172,85.43077087402344,123.61985778808594,229.48226928710938,112.70999908447266
2022-12-29,127.80752563476562,87.84412384033203,124.32914733886719,235.82278442382812,121.81999969482422
2022-12-30,128.12306213378906,87.62564086914062,125.15042114257812,234.65841674804688,123.18000030517578
2023-01-03,123.33065032958984,88.50953674316406,126.10234069824219,234.42356872558594,108.0999984741211
2023-01-04,124.60269927978516,87.47666931152344,127.27825164794922,224.1691436767578,113.63999938964844
2023-01-05,123.28134155273438,85.60954284667969,127.25003814697266,217.52529907226562,110.33999633789062
2023-01-06,127.8173828125,86.74172973632812,129.68504333496094,220.08888244628906,113.05999755859375
2023-01-09,128.33999633789062,87.41707611083984,129.149169921875,222.2317352294922,119.7699966430664
2023-01-10,128.9119415283203,87.81433868408203,130.3055419921875,223.92453002929688,118.8499984741211
2023-01-11,131.63356018066406,90.89310455322266,131.2738800048828,230.69558715820312,123.22000122070312
2023-01-12,131.5546875,90.5057601928711,131.1422882080078,233.3765869140625,123.55999755859375
2023-01-13,132.88587951660156,91.4889907836914,134.45162963867188,234.0811004638672,122.4000015258789
2023-01-17,134.04946899414062,90.6646728515625,132.37391662597656,235.177001953125,131.49000549316406
2023-01-18,133.3296356201172,90.495849609375,128.3970489501953,230.73471069335938,128.77999877929688
2023-01-19,133.38880920410156,92.41261291503906,126.68592834472656,226.938232421875,127.16999816894531
2023-01-20,135.95265197753906,97.34857177734375,126.99620056152344,235.04981994628906,133.4199981689453
2023-01-23,139.14759826660156,99.10646057128906,129.05514526367188,237.35902404785156,143.75
2023-01-24,140.54783630371094,97.03076171875,130.16452026367188,236.83062744140625,143.88999938964844
2023-01-25,139.88714599609375,94.56775665283203,130.79443359375,235.43141174316406,144.42999267578125
2023-01-26,141.9579620361328,96.85200500488281,131.60296630859375,242.66236877441406,160.27000427246094
2023-01-27,143.90052795410156,98.68933868408203,131.92262268066406,242.8188934326172,177.89999389648438
2023-01-30,141.0112762451172,96.27598571777344,130.8038330078125,237.4862060546875,166.66000366210938
2023-01-31,142.2833709716797,98.16295623779297,131.5841827392578,242.4764404296875,173.22000122070312
2023-02-01,143.40748596191406,99.74205780029297,131.23629760742188,247.31015014648438,181.41000366210938
2023-02-02,148.72256469726562,107.00199890136719,130.62521362304688,258.905029296875,188.27000427246094
2023-02-03,152.35134887695312,104.06227111816406,132.6465301513672,252.78956604003906,189.97999572753906
2023-02-06,149.61988830566406,102.19515228271484,133.42684936523438,251.24359130859375,194.75999450683594
2023-02-07,152.49929809570312,106.9026870727539,135.05332946777344,261.8013916015625,196.80999755859375
2023-02-08,149.80726623535156,98.68933868408203,134.10379028320312,260.9892578125,201.2899932861328
2023-02-09,148.77188110351562,94.35919952392578,132.0166015625,257.94610595703125,207.32000732421875
2023-02-10,149.1372528076172,93.92220306396484,132.59950256347656,257.4373779296875,196.88999938964844
2023-02-13,151.9420623779297,93.96194458007812,134.03799438476562,265.4804382324219,194.63999938964844
2023-02-14,151.3000946044922,94.03145599365234,134.6302490234375,266.3121643066406,209.25
2023-02-15,153.40370178222656,96.27598571777344,135.19435119628906,264.18353271484375,214.24000549316406
2023-02-16,151.80377197265625,94.85576629638672,133.33287048339844,257.1502990722656,202.0399932861328
2023-02-17,150.65817260742188,93.7037124633789,133.72769165039062,253.1382598876953,208.30999755859375
2023-02-21,146.6386260986328,91.16126251220703,131.2738800048828,247.85110473632812,197.3699951171875
2023-02-22,147.0632781982422,91.022216796875,130.2679443359375,246.7132110595703,200.86000061035156
2023-02-23,147.5471954345703,90.26741027832031,131.31149291992188,249.91104125976562,202.07000732421875
2023-02-24,144.8905792236328,88.51947021484375,132.49612426757812,244.46688842773438,196.8800048828125
2023-02-27,146.08558654785156,89.25440979003906,133.65249633789062,245.38894653320312,207.6300048828125
2023-02-28,145.5819091796875,89.44310760498047,134.7712860107422,244.6630859375,205.7100067138672
2023-03-01,143.50791931152344,89.74105072021484,134.0191650390625,241.5731658935547,202.77000427246094
2023-03-02,144.1005096435547,91.36980438232422,132.6277313232422,246.32086181640625,190.89999389648438
2023-03-03,149.15699768066406,93.00851440429688,135.062744140625,250.4210968017578,197.7899932861328
2023-03-06,151.92227172851562,94.4783706665039,134.2729949951172,251.97096252441406,193.80999755859375
2023-03-07,149.71994018554688,93.21708679199219,130.32435607910156,249.3028564453125,187.7100067138672
2023-03-08,150.97418212890625,93.60440063476562,129.55343627929688,248.86146545410156,182.0
2023-03-09,148.72247314453125,91.68761444091797,122.53986358642578,247.5077667236328,172.9199981689453
2023-03-10,146.6583709716797,90.00919342041016,125.65178680419922,243.84889221191406,173.44000244140625
2023-03-13,148.6039581298828,90.48590087890625,123.39540100097656,249.07725524902344,174.47999572753906
2023-03-14,150.69766235351562,93.3263168334961,126.56373596191406,255.81622314453125,183.25999450683594
2023-03-15,151.0927276611328,95.45166015625,120.5843276977539,260.3775329589844,180.4499969482422
2023-03-16,153.917236328125,99.63282775878906,122.92533874511719,270.9323425292969,184.1300048828125
2023-03-17,153.07778930664062,100.92391967773438,118.28095245361328,274.1006774902344,180.1300048828125
2023-03-20,155.447998046875,100.52665710449219,119.53136444091797,267.0381164550781,183.25
2023-03-21,157.3046875,104.2013168334961,122.73728942871094,268.5584716796875,197.5800018310547
2023-03-22,155.87266540527344,102.66192626953125,119.5689697265625,267.096923828125,191.14999389648438
2023-03-23,156.9590301513672,104.87664794921875,119.24930572509766,272.364501953125,192.22000122070312
2023-03-24,158.26266479492188,104.7177505493164,117.43482971191406,275.2190246582031,190.41000366210938
2023-03-27,156.31707763671875,101.75816345214844,120.80057525634766,271.1089172363281,191.80999755859375
2023-03-28,155.69488525390625,100.33795166015625,121.167236328125,269.9808654785156,189.19000244140625
2023-03-29,158.77621459960938,100.69548034667969,121.41167449951172,275.16021728515625,193.8800048828125
2023-03-30,160.34649658203125,100.19892120361328,121.04501342773438,278.63262939453125,195.27999877929688
2023-03-31,162.85498046875,103.01946258544922,122.51165008544922,282.8015441894531,207.4600067138672
2023-04-03,164.1092529296875,103.64515686035156,122.3706283569336,281.751953125,194.77000427246094
2023-04-04,163.57595825195312,104.00269317626953,120.73475646972656,281.70294189453125,192.5800018310547
2023-04-05,161.7291259765625,103.75439453125,120.91478729248047,278.9171142578125,185.52000427246094
2023-04-06,162.6179656982422,107.67733764648438,120.78213500976562,286.0386657714844,185.05999755859375
2023-04-10,160.02056884765625,105.71089935302734,121.18010711669922,283.8708190917969,184.50999450683594
2023-04-11,158.8058624267578,104.62836456298828,121.77705383300781,277.4358215332031,186.7899932861328
2023-04-12,158.1145477294922,103.92322540283203,121.75808715820312,278.083251953125,180.5399932861328
2023-04-13,163.50682067871094,106.6941146850586,122.22238159179688,284.3121337890625,185.89999389648438
2023-04-14,163.16114807128906,108.124267578125,131.4513397216797,280.6828308105469,185.0
2023-04-17,163.180908203125,105.2441177368164,132.49368286132812,283.29205322265625,187.0399932861328
2023-04-18,164.40553283691406,103.78418731689453,133.9812774658203,282.87017822265625,184.30999755859375
2023-04-19,165.5511474609375,103.46637725830078,133.81072998046875,282.94873046875,180.58999633789062
2023-04-20,164.58326721191406,104.56877899169922,133.4222412109375,280.6532897949219,162.99000549316406
2023-04-21,162.97349548339844,104.68795776367188,133.16639709472656,280.30999755859375,165.0800018310547
2023-04-24,163.27967834472656,105.2441177368164,133.346435546875,276.3960876464844,162.5500030517578
2023-04-25,161.73902893066406,103.13864135742188,130.4469757080078,270.1672668457031,160.6699981689453
2023-04-26,161.7291259765625,102.99960327148438,128.13497924804688,289.7367248535156,153.75
2023-04-27,166.32147216796875,106.85302734375,129.8595428466797,299.01629638671875,160.19000244140625
2023-04-28,167.5757293701172,106.604736328125,130.98707580566406,301.39990234375,164.30999755859375
2023-05-01,167.48684692382812,106.46569061279297,133.791748046875,299.73236083984375,161.8300018310547
2023-05-02,166.4498748779297,104.59857177734375,131.6314239501953,299.5852966308594,160.30999755859375
2023-05-03,165.37339782714844,104.68795776367188,128.84564208984375,298.59454345703125,160.61000061035156
2023-05-04,163.73394775390625,103.97288513183594,127.0832290649414,299.5852966308594,161.1999969482422
2023-05-05,171.41748046875,104.84686279296875,129.56578063964844,304.72528076171875,170.05999755859375
2023-05-08,171.34835815429688,107.03177642822266,129.87847900390625,302.76348876953125,171.7899932861328
2023-05-09,169.63980102539062,106.61466979980469,129.25308227539062,301.14495849609375,169.14999389648438
2023-05-10,171.4075927734375,110.9845199584961,129.3194122314453,306.3536376953125,168.5399932861328
2023-05-11,171.5952911376953,115.7715072631836,128.9119873046875,304.1955871582031,172.0800018310547
2023-05-12,170.66563415527344,116.70508575439453,127.06429290771484,303.0773620605469,167.97999572753906
2023-05-15,170.17112731933594,115.71192169189453,128.13497924804688,303.5580139160156,166.35000610351562
2023-05-16,170.17112731933594,118.6913833618164,127.27275848388672,305.79449462890625,166.52000427246094
2023-05-17,170.78431701660156,120.01226806640625,131.18606567382812,308.6847229003906,173.86000061035156
2023-05-18,173.11827087402344,121.98863220214844,132.18093872070312,313.1282043457031,176.88999938964844
2023-05-19,173.22703552246094,121.91910552978516,131.8777313232422,312.9512634277344,180.13999938964844
2023-05-22,172.27761840820312,124.19343566894531,130.78811645507812,315.7431945800781,188.8699951171875
2023-05-23,169.66676330566406,121.7204818725586,129.4236602783203,309.9234313964844,185.77000427246094
2023-05-24,169.9436798095703,120.07186126708984,128.23922729492188,308.5372619628906,182.89999389648438
2023-05-25,171.0810089111328,122.63418579101562,128.55191040039062,320.40301513671875,184.47000122070312
2023-05-26,173.49403381347656,123.75643920898438,129.75527954101562,327.2550048828125,193.1699981689453
2023-05-30,175.3434295654297,122.8228759765625,130.2480010986328,325.6033935546875,201.16000366210938
2023-05-31,175.2939910888672,122.02836608886719,128.58982849121094,322.83123779296875,203.92999267578125
2023-06-01,178.10264587402344,122.87254333496094,130.3617401123047,326.9502868652344,207.52000427246094
2023-06-02,178.95314025878906,123.81603240966797,133.10006713867188,329.7225341796875,213.97000122070312
2023-06-05,177.59823608398438,125.1468505859375,131.79248046875,330.2532958984375,217.61000061035156
2023-06-06,177.23236083984375,126.43795013427734,132.02935791015625,328.0315856933594,221.30999755859375
2023-06-07,175.857666015625,121.66089630126953,133.3085479736328,317.90594482421875,224.57000732421875
2023-06-08,178.57736206054688,121.3033676147461,133.346435546875,319.754150390625,234.86000061035156
2023-06-09,178.96304321289062,121.39274597167969,133.61175537109375,321.2582702636719,244.39999389648438
2023-06-12,181.7617950439453,122.79308319091797,133.60226440429688,326.2325744628906,249.8300018310547
2023-06-13,181.28707885742188,122.98178100585938,134.56875610351562,328.6313171386719,258.7099914550781
2023-06-14,181.92002868652344,122.8228759765625,134.0665740966797,331.6296081542969,256.7900085449219
2023-06-15,183.95729064941406,124.23314666748047,135.5825958251953,342.20751953125,255.89999389648438
2023-06-16,182.87933349609375,122.68383026123047,135.7436981201172,336.5351867675781,260.5400085449219
2023-06-20,182.96832275390625,122.25678253173828,135.05198669433594,332.3276062011719,274.45001220703125
2023-06-21,181.929931640625,119.72425079345703,134.85302734375,327.91363525390625,259.4599914550781
2023-06-22,184.9363555908203,122.30644226074219,132.25677490234375,333.95953369140625,264.6099853515625
2023-06-23,184.61990356445312,121.50198364257812,131.56509399414062,329.34893798828125,256.6000061035156
2023-06-26,183.22547912597656,117.52938842773438,131.88722229003906,323.0375671386719,241.0500030517578
2023-06-27,185.9846649169922,117.51945495605469,131.89669799804688,328.90655517578125,250.2100067138672
2023-06-28,187.1615447998047,119.35678100585938,131.3187255859375,330.1648864746094,256.239990234375
2023-06-29,187.497802734375,118.28418731689453,135.90478515625,329.3783874511719,257.5
2023-06-30,191.82948303222656,118.88006591796875,137.80931091308594,334.775390625,261.7699890136719
2023-07-03,190.3361358642578,119.07869720458984,138.91793823242188,332.2685852050781,279.82000732421875
2023-07-05,189.21861267089844,120.91603088378906,137.99252319335938,332.4259033203125,282.4800109863281
2023-07-06,189.6932830810547,119.28726959228516,136.62823486328125,335.4931335449219,276.5400085449219
2023-07-07,188.5757598876953,118.66157531738281,137.70628356933594,331.51165771484375,274.42999267578125
2023-07-10,186.5286407470703,115.65232849121094,138.47906494140625,326.212890625,269.6099853515625
2023-07-11,186.00448608398438,116.33760833740234,140.64474487304688,326.84210205078125,269.7900085449219
2023-07-12,187.67579650878906,118.11534118652344,141.3411865234375,331.4920349121094,271.989990234375
2023-07-13,188.4373016357422,123.6869125366211,142.02810668945312,336.85955810546875,277.8999938964844
2023-07-14,188.5856475830078,124.5608901977539,142.88674926757812,339.3959045410156,281.3800048828125
2023-07-17,191.8492431640625,123.7961654663086,146.3308563232422,339.87762451171875,290.3800048828125
2023-07-18,191.59210205078125,122.91226959228516,146.5979461669922,353.40472412109375,293.3399963378906
2023-07-19,192.94700622558594,121.1941146850586,147.1608428955078,349.0693359375,291.260009765625
2023-07-20,190.9987335205078,118.38349914550781,148.9735107421875,340.99835205078125,262.8999938964844
2023-07-21,189.82188415527344,119.19786834716797,147.82867431640625,337.9508056640625,260.0199890136719
2023-07-24,190.62294006347656,120.6975326538086,150.73849487304688,339.2680969238281,269.05999755859375
2023-07-25,191.4833221435547,121.37287902832031,149.61276245117188,345.038818359375,265.2799987792969
2023-07-26,192.35362243652344,128.384521484375,150.50953674316406,332.0523376464844,264.3500061035156
2023-07-27,191.08773803710938,128.5136260986328,148.8494873046875,325.1216735839844,255.7100067138672
2023-07-28,193.66891479492188,131.67184448242188,149.6986083984375,332.64215087890625,266.44000244140625
2023-07-31,194.2821044921875,131.81089782714844,150.70034790039062,330.23370361328125,267.42999267578125
2023-08-01,193.4513702392578,130.64889526367188,149.95619201660156,330.6465148925781,261.07000732421875
2023-08-02,190.45480346679688,127.50062561035156,148.25799560546875,321.9562072753906,254.11000061035156
2023-08-03,189.0603485107422,127.57012176513672,149.16433715820312,321.1304626464844,259.32000732421875
2023-08-04,179.98167419433594,127.23246765136719,148.8494873046875,322.2314453125,253.86000061035156
2023-08-07,176.87631225585938,130.62904357910156,149.55551147460938,324.52203369140625,251.4499969482422
2023-08-08,177.8158416748047,130.4999237060547,148.71595764160156,320.53076171875,249.6999969482422
2023-08-09,176.22361755371094,128.7718505859375,146.72198486328125,316.7754211425781,242.19000244140625
2023-08-10,176.00604248046875,128.80162048339844,146.50257873535156,317.46356201171875,245.33999633789062
2023-08-11,176.0654296875,128.6725311279297,147.3516845703125,315.57611083984375,242.64999389648438
2023-08-14,177.71923828125,130.430419921875,147.65695190429688,318.5547790527344,239.75999450683594
2023-08-15,175.728759765625,128.8910369873047,143.89804077148438,316.4117126464844,232.9600067138672
2023-08-16,174.8572998046875,127.81842041015625,143.2874298095703,315.6432800292969,225.60000610351562
2023-08-17,172.3122100830078,129.03005981445312,141.79916381835938,312.1755676269531,219.22000122070312
2023-08-18,172.79747009277344,126.58692169189453,142.12351989746094,311.7815246582031,215.49000549316406
2023-08-21,174.1343536376953,127.49067687988281,142.61007690429688,317.101318359375,231.27999877929688
2023-08-22,175.51084899902344,128.19581604003906,139.65255737304688,317.6726989746094,233.19000244140625
2023-08-23,179.36312866210938,131.46328735351562,140.59701538085938,322.14532470703125,236.86000061035156
2023-08-24,174.66912841796875,128.8910369873047,140.46348571777344,315.21966552734375,230.0399932861328
2023-08-25,176.87750244140625,128.99034118652344,140.29176330566406,318.1849670410156,238.58999633789062
2023-08-28,178.44216918945312,130.1125946044922,140.77833557128906,318.8943176269531,238.82000732421875
2023-08-29,182.3340301513672,133.64820861816406,141.92315673828125,323.5343322753906,257.17999267578125
2023-08-30,185.82980346679688,134.94924926757812,141.35073852539062,323.90875244140625,256.8999938964844
2023-08-31,186.04766845703125,135.23724365234375,139.60484313964844,322.89398193359375,258.0799865722656
2023-09-01,187.62225341796875,134.73074340820312,140.07232666015625,323.7806701660156,245.00999450683594
2023-09-05,187.85992431640625,134.83998107910156,138.52679443359375,328.5980224609375,256.489990234375
2023-09-06,181.13580322265625,133.5389862060547,138.29782104492188,327.9380187988281,251.9199981689453
2023-09-07,175.8376922607422,134.33346557617188,137.11480712890625,325.0121154785156,251.49000549316406
2023-09-08,176.45164489746094,135.44583129882812,137.2197265625,329.3073425292969,248.5
2023-09-11,177.62020874023438,135.9821014404297,137.82077026367188,332.9228515625,273.5799865722656
2023-09-12,174.5899200439453,134.41290283203125,139.61439514160156,326.8444519042969,267.4800109863281
2023-09-13,172.52017211914062,135.7735595703125,139.68116760253906,331.07080078125,271.29998779296875
2023-09-14,174.03533935546875,137.154052734375,142.39064025878906,333.6716003417969,276.0400085449219
2023-09-15,173.3124237060547,136.4588165283203,141.97088623046875,325.3175048828125,274.3900146484375
2023-09-18,176.24371337890625,137.26329040527344,142.2666015625,324.1746520996094,265.2799987792969
2023-09-19,177.33303833007812,137.09442138671875,142.08535766601562,323.770751953125,266.5
2023-09-20,173.7877655029297,132.82391357421875,141.4842987060547,316.00775146484375,262.5899963378906
2023-09-21,172.2428741455078,129.5465087890625,140.3776092529297,314.7861633300781,255.6999969482422
2023-09-22,173.0945587158203,129.35780334472656,139.0324249267578,312.30364990234375,244.8800048828125
2023-09-25,174.37203979492188,130.21192932128906,139.71932983398438,312.82574462890625,246.99000549316406
2023-09-26,170.2919921875,127.68932342529297,138.26918029785156,307.50592041015625,244.1199951171875
2023-09-27,168.77684020996094,129.6458282470703,139.08013916015625,308.146240234375,240.5
2023-09-28,169.03431701660156,131.4036865234375,140.8069610595703,308.983642578125,246.3800048828125
2023-09-29,169.54928588867188,129.963623046875,138.3550567626953,311.0622863769531,250.22000122070312
2023-10-02,172.06463623046875,133.25096130371094,137.16249084472656,317.0224914550781,251.60000610351562
2023-10-03,170.72772216796875,131.5228729248047,136.15121459960938,308.73736572265625,246.52999877929688
2023-10-04,171.9755096435547,134.31362915039062,136.76181030273438,314.22467041015625,261.1600036621094
2023-10-05,173.21339416503906,134.14480590820312,137.3384552001953,314.61871337890625,260.04998779296875
2023-10-06,175.7683868408203,136.63760375976562,139.4528350830078,322.40142822265625,260.5299987792969
2023-10-09,177.25381469726562,137.47183227539062,139.13565063476562,324.9234313964844,259.6700134277344
2023-10-10,176.6596221923828,137.1143035888672,139.98141479492188,323.51470947265625,263.6199951171875
2023-10-11,178.05593872070312,139.58724975585938,140.4619598388672,327.4848327636719,262.989990234375
2023-10-12,178.95713806152344,138.01808166503906,140.1352081298828,326.2435302734375,258.8699951171875
2023-10-13,177.1151885986328,136.41909790039062,142.23995971679688,322.8644714355469,251.1199951171875
2023-10-16,176.98643493652344,138.14720153808594,142.09579467773438,327.7015686035156,253.9199981689453
2023-10-17,175.431640625,138.76292419433594,141.7882537841797,327.1301574707031,254.85000610351562
2023-10-18,174.1343536376953,137.01499938964844,140.2313232421875,325.2091369628906,242.67999267578125
2023-10-19,173.758056640625,136.80641174316406,139.6354217529297,326.40118408203125,220.11000061035156
2023-10-20,171.2030792236328,134.67117309570312,137.38648986816406,321.8201904296875,211.99000549316406
2023-10-23,171.3218994140625,135.56500244140625,135.51239013671875,324.43084716796875,212.0800018310547
2023-10-24,171.7576446533203,137.85916137695312,135.67576599121094,325.6228332519531,216.52000427246094
2023-10-25,169.44033813476562,124.74959564208984,134.93576049804688,335.61236572265625,212.4199981689453
2023-10-26,165.27117919921875,121.44239807128906,135.28173828125,323.0221252441406,205.75999450683594
2023-10-27,166.5882568359375,121.3331527709961,130.4090576171875,324.91357421875,207.3000030517578
2023-10-30,168.63819885253906,123.60746765136719,132.0717315673828,332.3022155761719,197.36000061035156
2023-10-31,169.11354064941406,123.23007202148438,133.6479034423828,333.0903015136719,200.83999633789062
2023-11-01,172.28248596191406,125.5838394165039,133.53256225585938,340.9321594238281,205.66000366210938
2023-11-02,175.84759521484375,126.61671447753906,135.91604614257812,343.14874267578125,218.50999450683594
2023-11-03,174.93649291992188,128.21571350097656,137.43453979492188,347.562255859375,219.9600067138672
2023-11-06,177.491455078125,129.35780334472656,138.4725341796875,351.2369384765625,219.27000427246094
2023-11-07,180.05636596679688,130.07289123535156,138.40525817871094,355.1774597167969,222.17999267578125
2023-11-08,181.11598205566406,130.93692016601562,139.08763122558594,357.8078918457031,222.11000061035156
2023-11-09,180.64064025878906,129.34786987304688,138.67434692382812,355.33514404296875,209.97999572753906
2023-11-10,184.83514404296875,131.6817626953125,140.7310791015625,364.1817932128906,214.64999389648438
2023-11-13,183.2485809326172,131.18521118164062,140.1063690185547,361.2361755371094,223.7100067138672
2023-11-14,185.86639404296875,132.70472717285156,142.662841796875,364.77288818359375,237.41000366210938
2023-11-15,186.4315948486328,133.69786071777344,143.9122314453125,364.9209899902344,242.83999633789062
2023-11-16,188.1173553466797,135.99203491210938,145.55569458007812,371.3374938964844,233.58999633789062
2023-11-17,188.09750366210938,134.38316345214844,146.8723907470703,365.0986633300781,234.3000030517578
2023-11-20,189.8427276611328,135.31668090820312,147.3240966796875,372.59112548828125,235.60000610351562
2023-11-21,189.03952026367188,136.0317840576172,147.0165252685547,368.2773132324219,241.1999969482422
2023-11-22,189.70391845703125,137.5413818359375,147.3625030517578,372.99591064453125,234.2100067138672
2023-11-24,188.3751678466797,135.75369262695312,147.5643310546875,372.5812683105469,235.4499969482422
2023-11-27,188.19664001464844,135.47560119628906,147.22796630859375,373.74609375,236.0800018310547
2023-11-28,188.80152893066406,136.26019287109375,147.5643310546875,377.7835998535156,246.72000122070312
2023-11-29,187.78018188476562,134.0653533935547,148.31399536132812,373.9830627441406,244.13999938964844
2023-11-30,188.35531616210938,131.6221923828125,150.00552368164062,374.0422668457031,240.0800018310547
2023-12-01,189.63449096679688,130.95677185058594,150.73593139648438,369.69879150390625,238.8300018310547
2023-12-04,187.8396759033203,128.384521484375,151.84117126464844,364.3977966308594,235.5800018310547
2023-12-05,191.7961883544922,130.09275817871094,151.8219451904297,367.734375,238.72000122070312
2023-12-06,190.7054443359375,129.12939453125,150.22654724121094,364.0621337890625,239.3699951171875
2023-12-07,192.6390380859375,135.99203491210938,150.6878662109375,366.1845397949219,242.63999938964844
2023-12-08,194.0669708251953,134.0653533935547,152.35055541992188,369.4223937988281,243.83999633789062
2023-12-11,191.5581817626953,132.37698364257812,152.907958984375,366.530029296875,239.74000549316406
2023-12-12,193.0753631591797,131.61228942871094,154.272705078125,369.5704345703125,237.00999450683594
2023-12-13,196.29808044433594,131.6619415283203,154.7917022705078,369.56060791015625,239.2899932861328
2023-12-14,196.4468231201172,131.03622436523438,157.607666015625,361.2290344238281,251.0500030517578
2023-12-15,195.91134643554688,131.6917266845703,158.7993621826172,365.96734619140625,253.5
2023-12-18,194.24546813964844,134.8697967529297,159.76046752929688,367.8626708984375,252.0800018310547
2023-12-19,195.28663635253906,135.71395874023438,161.89407348632812,368.4648132324219,257.2200012207031
2023-12-20,193.19436645507812,137.39239501953125,160.06802368164062,365.8587646484375,247.13999938964844
2023-12-21,193.0456085205078,139.45814514160156,160.9810333251953,368.74127197265625,254.5
2023-12-22,191.97467041015625,140.52081298828125,160.88491821289062,369.7678527832031,252.5399932861328
2023-12-26,191.4292755126953,140.55062866210938,161.83639526367188,369.8468322753906,256.6099853515625
2023-12-27,191.52845764160156,139.4084930419922,162.80709838867188,369.2644958496094,261.44000244140625
2023-12-28,191.954833984375,139.26943969726562,163.6720733642578,370.4588623046875,253.17999267578125
2023-12-29,190.91366577148438,138.733154296875,163.47984313964844,371.2091979980469,248.47999572753906
2024-01-02,184.08151245117188,137.22357177734375,165.38279724121094,366.10552978515625,248.4199981689453
2024-01-03,182.7031707763672,137.9684295654297,164.6619873046875,365.8390197753906,238.4499969482422
2024-01-04,180.3828125,135.45574951171875,165.75469970703125,363.21319580078125,237.92999267578125
2024-01-05,179.65895080566406,134.8002471923828,166.58631896972656,363.0256042480469,237.49000549316406
2024-01-08,184.00216674804688,137.8889617919922,166.34458923339844,369.87652587890625,240.4499969482422
2024-01-09,183.585693359375,139.98452758789062,165.02944946289062,370.96234130859375,234.9600067138672
2024-01-10,184.6269073486328,141.30538940429688,165.37757873535156,377.8526916503906,233.94000244140625
2024-01-11,184.03192138671875,141.10678100585938,164.68133544921875,379.6888122558594,227.22000122070312
2024-01-12,184.35916137695312,141.67286682128906,163.47254943847656,383.47943115234375,218.88999938964844
2024-01-16,182.08837890625,141.5139617919922,162.44754028320312,385.2563171386719,219.91000366210938
2024-01-17,181.14634704589844,140.50099182128906,161.57723999023438,384.46661376953125,215.5500030517578
2024-01-18,187.04638671875,142.49717712402344,161.89633178710938,388.81005859375,211.8800048828125
2024-01-19,189.95179748535156,145.37733459472656,164.69097900390625,393.5483703613281,212.19000244140625
2024-01-22,192.26223754882812,144.98997497558594,164.4976043701172,391.41619873046875,208.8000030517578
2024-01-23,193.54141235351562,146.0327911376953,163.41455078125,393.7754211425781,209.13999938964844
2024-01-24,192.8671112060547,147.68142700195312,164.87472534179688,397.3884582519531,207.8300018310547
2024-01-25,192.53988647460938,150.82968139648438,167.23423767089844,399.6687927246094,182.6300048828125
2024-01-26,190.80458068847656,151.14752197265625,166.59600830078125,398.7408142089844,183.25
2024-01-29,190.12039184570312,152.45848083496094,167.03114318847656,404.45648193359375,190.92999267578125
2024-01-30,186.4613494873047,150.4225311279297,170.45436096191406,403.34100341796875,191.58999633789062
2024-01-31,182.8518829345703,139.1403350830078,168.6073760986328,392.472412109375,187.2899932861328
2024-02-01,185.291259765625,140.19308471679688,167.99815368652344,398.5927734375,188.86000061035156
2024-02-02,184.2897491455078,141.4047393798828,168.9651641845703,405.93719482421875,187.91000366210938
2024-02-05,186.1043701171875,142.69580078125,168.7427520751953,400.438720703125,181.05999755859375
2024-02-06,187.7107696533203,143.11293029785156,169.3229522705078,400.2807922363281,185.10000610351562
2024-02-07,187.81985473632812,144.54306030273438,169.64207458496094,408.7308044433594,187.5800018310547
2024-02-08,186.739013671875,144.91053771972656,169.03286743164062,408.7900085449219,189.55999755859375
2024-02-09,187.50352478027344,147.97935485839844,169.23593139648438,415.1473388671875,193.57000732421875
2024-02-12,185.8156280517578,146.51943969726562,169.9901885986328,409.9252624511719,188.1300048828125
2024-02-13,183.72067260742188,144.1458282470703,168.5106658935547,401.1001281738281,184.02000427246094
2024-02-14,182.8370361328125,144.94032287597656,170.22227478027344,404.9769287109375,188.7100067138672
2024-02-15,182.549072265625,141.7920684814453,173.93557739257812,402.0792236328125,200.4499969482422
2024-02-16,181.01014709472656,139.55747985839844,173.12330627441406,399.6068115234375,199.9499969482422
2024-02-20,180.26547241210938,140.15335083007812,173.80020141601562,398.35076904296875,193.75999450683594
2024-02-21,181.0200653076172,141.5735626220703,174.93157958984375,397.7474670410156,194.77000427246094
2024-02-22,183.05545043945312,143.10299682617188,177.03001403808594,407.1131286621094,197.41000366210938
2024-02-23,181.21864318847656,142.97390747070312,177.91964721679688,405.81756591796875,191.97000122070312
2024-02-26,179.86834716796875,136.62770080566406,177.3104248046875,403.0484619140625,199.39999389648438
2024-02-27,181.32785034179688,137.92868041992188,177.3974609375,402.9891052246094,199.72999572753906
2024-02-28,180.12649536132812,135.44583129882812,178.29678344726562,403.2264404296875,202.0399932861328
2024-02-29,179.46127319335938,137.51158142089844,179.9213409423828,409.08123779296875,201.8800048828125
2024-03-01,178.37904357910156,136.20062255859375,179.1767578125,410.9206848144531,202.63999938964844
2024-03-04,173.8515625,132.4365692138672,180.52090454101562,410.34710693359375,188.13999938964844
2024-03-05,168.90704345703125,131.76123046875,182.32919311523438,398.21234130859375,180.74000549316406
2024-03-06,167.9141845703125,130.4999237060547,183.27687072753906,397.6584777832031,176.5399932861328
2024-03-07,167.79502868652344,133.4595184326172,181.67164611816406,404.63079833984375,178.64999389648438
2024-03-08,169.51271057128906,134.48245239257812,182.01010131835938,401.74298095703125,175.33999633789062
2024-03-11,171.51828002929688,136.7269744873047,182.07777404785156,400.0617370605469,177.77000427246094
2024-03-12,171.994873046875,137.55128479003906,183.57662963867188,410.703125,177.5399932861328
2024-03-13,169.90985107421875,138.8324432373047,185.0658416748047,410.5251159667969,169.47999572753906
2024-03-14,171.76649475097656,142.1197967529297,181.76834106445312,420.5335998535156,162.5
2024-03-15,171.38922119140625,140.21292114257812,184.02146911621094,411.83056640625,163.57000732421875
2024-03-18,172.4813995361328,146.66842651367188,186.30361938476562,412.72064208984375,173.8000030517578
2024-03-19,174.82455444335938,146.02284240722656,187.3963165283203,416.76556396484375,171.32000732421875
2024-03-20,177.39610290527344,147.72116088867188,189.85252380371094,420.54345703125,175.66000366210938
2024-03-21,170.14813232421875,146.5889892578125,192.49244689941406,424.6378173828125,172.82000732421875
2024-03-22,171.05166625976562,149.7372589111328,190.13294982910156,424.0148010253906,170.8300018310547
2024-03-25,169.63186645507812,149.0420684814453,188.39234924316406,418.1995544433594,172.6300048828125
2024-03-26,168.49998474121094,149.637939453125,189.27232360839844,417.0029296875,177.6699981689453
2024-03-27,172.07431030273438,149.83656311035156,192.93728637695312,416.7853698730469,179.8300018310547
2024-03-28,170.25733947753906,149.89614868164062,193.69154357910156,416.0831604003906,175.7899932861328
2024-04-01,168.8177032470703,154.42491149902344,192.3764190673828,419.8907165527344,175.22000122070312
2024-04-02,167.63616943359375,153.50128173828125,192.29905700683594,416.7951965332031,166.6300048828125
2024-04-03,168.44039916992188,153.85882568359375,191.75753784179688,415.816162109375,168.3800048828125
2024-04-04,167.61631774902344,149.49888610839844,190.29855346679688,413.27447509765625,171.11000061035156
2024-04-05,168.37091064453125,151.4553985595703,192.04931640625,420.8302307128906,164.89999389648438
2024-04-08,167.24896240234375,153.789306640625,193.05113220214844,419.9105224609375,172.97999572753906
2024-04-09,168.4602508544922,155.52732849121094,191.75750732421875,421.5818786621094,176.8800048828125
2024-04-10,166.583740234375,155.07046508789062,190.12347412109375,418.59515380859375,171.75999450683594
2024-04-11,173.79196166992188,158.31805419921875,190.0845489501953,423.2136535644531,174.60000610351562
2024-04-12,175.29122924804688,156.6495819091797,177.79029846191406,417.25018310546875,171.0500030517578
2024-04-15,171.458740234375,153.7992401123047,177.8875732421875,409.08123779296875,161.47999572753906
2024-04-16,168.1723175048828,153.34237670898438,175.85475158691406,410.0108337402344,157.11000061035156
2024-04-17,166.8021697998047,154.40505981445312,175.15443420410156,407.301025390625,155.4499969482422
2024-04-18,165.84901428222656,154.9413299560547,176.29241943359375,399.814453125,149.92999267578125
2024-04-19,163.8235626220703,153.0345001220703,180.7179718017578,394.7212219238281,147.0500030517578
2024-04-22,164.65756225585938,155.20950317382812,184.22921752929688,396.5409240722656,142.0500030517578
2024-04-23,165.71002197265625,157.17593383789062,186.88455200195312,403.078125,144.67999267578125
2024-04-24,167.8148956298828,158.0399932861328,187.79885864257812,404.55169677734375,162.1300048828125
2024-04-25,168.67869567871094,154.93142700195312,188.08091735839844,394.64215087890625,170.17999267578125
2024-04-26,168.0928955078125,170.77215576171875,188.19764709472656,401.84185791015625,168.2899932861328
2024-04-29,172.262939453125,165.01190185546875,187.99339294433594,397.8167724609375,194.0500030517578
2024-04-30,169.1155548095703,161.6649932861328,186.49549865722656,385.0390930175781,183.27999877929688
2024-05-01,168.0928955078125,162.73757934570312,186.6122283935547,390.5872802734375,179.99000549316406
2024-05-02,171.79629516601562,165.47866821289062,186.41769409179688,393.4552917480469,180.00999450683594
2024-05-03,182.072509765625,166.09445190429688,185.2991485595703,402.1781005859375,181.19000244140625
2024-05-06,180.41441345214844,166.9485321044922,186.74838256835938,408.9823303222656,184.75999450683594
2024-05-07,181.09950256347656,170.07696533203125,186.50521850585938,404.82855224609375,177.80999755859375
2024-05-08,181.43707275390625,168.21978759765625,190.29855346679688,406.015380859375,174.72000122070312
2024-05-09,183.25404357910156,168.79580688476562,192.09796142578125,407.7757568359375,171.97000122070312
2024-05-10,181.99136352539062,167.49476623535156,193.33322143554688,410.1690368652344,168.47000122070312
2024-05-13,185.20269775390625,167.98141479492188,193.2943115234375,409.1603088378906,171.88999938964844
2024-05-14,186.34605407714844,169.17318725585938,195.99826049804688,411.9690246582031,177.5500030517578
2024-05-15,188.622802734375,171.3283233642578,196.58184814453125,419.1718444824219,173.99000549316406
2024-05-16,188.74209594726562,172.98687744140625,196.93202209472656,417.1011657714844,174.83999633789062
2024-05-17,188.7719268798828,174.85400390625,199.1885528564453,416.3283386230469,177.4600067138672
2024-05-20,189.93515014648438,175.70811462402344,190.23046875,421.4110107421875,174.9499969482422
2024-05-21,191.2375946044922,176.6317596435547,194.06271362304688,425.0768127441406,186.60000610351562
2024-05-22,189.79595947265625,175.17181396484375,192.88580322265625,426.5431213378906,180.11000061035156
2024-05-23,185.79922485351562,172.3612060546875,191.5338134765625,423.0556335449219,173.74000549316406
2024-05-24,188.8813018798828,173.79135131835938,195.2201385498047,426.18646240234375,179.24000549316406
2024-05-28,188.89125061035156,175.1916961669922,194.04322814941406,426.344970703125,176.75
2024-05-29,189.1894989013672,174.69508361816406,192.69126892089844,425.2055969238281,176.19000244140625
2024-05-30,190.18370056152344,170.9310760498047,193.87789916992188,410.8395690917969,178.7899932861328
2024-05-31,191.13815307617188,171.3184051513672,197.08763122558594,411.2953186035156,178.0800018310547
2024-06-03,192.90786743164062,171.98382568359375,196.29981994628906,409.7001647949219,176.2899932861328
2024-06-04,193.2260284423828,172.5995635986328,193.71255493164062,412.22662353515625,174.77000427246094
2024-06-05,194.7372283935547,174.20846557617188,191.864501953125,420.09326171875,175.0
2024-06-06,193.35528564453125,175.51942443847656,191.52410888671875,420.5985412597656,177.94000244140625
2024-06-07,195.7513427734375,173.26498413085938,194.48094177246094,419.93475341796875,177.47999572753906
2024-06-10,192.00314331054688,174.0106658935547,194.15025329589844,423.9176330566406,173.7899932861328
2024-06-11,205.9519805908203,175.6114959716797,189.04385375976562,428.6831970214844,170.66000366210938
2024-06-12,211.8377685546875,176.77481079101562,186.29124450683594,436.9857482910156,177.2899932861328
2024-06-13,213.00099182128906,174.1598358154297,188.36297607421875,437.5009765625,182.47000122070312
2024-06-14,211.2611083984375,175.780517578125,188.4796905517578,438.4818420410156,178.00999450683594
2024-06-17,215.4169464111328,176.22796630859375,189.64688110351562,444.2282409667969,187.44000244140625
2024-06-18,213.05068969726562,174.0902099609375,191.61163330078125,442.2170104980469,184.86000061035156
2024-06-20,208.4673614501953,175.29331970214844,193.23593139648438,441.58294677734375,181.57000732421875
2024-06-21,206.2900390625,178.60430908203125,190.9307861328125,445.625244140625,183.00999450683594
2024-06-24,206.93626403808594,178.1966552734375,193.44020080566406,443.53472900390625,182.5800018310547
2024-06-25,207.8609161376953,182.97918701171875,192.65235900878906,446.784423828125,187.35000610351562
2024-06-26,212.01670837402344,182.8300323486328,192.0298614501953,447.98321533203125,196.3699951171875
2024-06-27,212.86180114746094,184.35130310058594,193.72227478027344,448.6668395996094,197.4199981689453
2024-06-28,209.40191650390625,181.1099090576172,196.72775268554688,442.82135009765625,197.8800048828125
2024-07-01,215.49649047851562,181.9451141357422,199.83050537109375,452.510986328125,209.86000061035156
2024-07-02,218.99612426757812,184.18228149414062,203.11805725097656,455.0374450683594,231.25999450683594
2024-07-03,220.26870727539062,184.75894165039062,202.9818878173828,456.5137023925781,246.38999938964844
2024-07-05,225.03102111816406,189.5116729736328,200.29226684570312,463.240966796875,251.52000427246094
2024-07-08,226.50247192382812,187.9506378173828,200.6639404296875,461.93316650390625,252.94000244140625
2024-07-09,227.35748291015625,187.90090942382812,203.06991577148438,455.2950744628906,262.3299865722656
2024-07-10,231.63259887695312,190.08834838867188,203.23617553710938,461.9430847167969,263.260009765625
2024-07-11,226.25390625,184.51039123535156,202.89385986328125,450.49981689453125,241.02999877929688
2024-07-12,229.2067108154297,184.01327514648438,200.43898010253906,449.36041259765625,248.22999572753906
2024-07-15,233.04440307617188,185.46490478515625,205.43675231933594,449.7666015625,252.63999938964844
2024-07-16,233.4619903564453,182.8697967529297,208.9283447265625,445.3676452636719,256.55999755859375
2024-07-17,227.55633544921875,179.9863739013672,212.10696411132812,439.42303466796875,248.5
2024-07-18,222.8834991455078,176.67538452148438,205.3682861328125,436.3021240234375,249.22999572753906
2024-07-19,223.0127410888672,176.6455535888672,205.1726837158203,433.0722351074219,239.1999969482422
2024-07-22,222.664794921875,180.6326446533203,205.6616973876953,438.8484191894531,251.50999450683594
2024-07-23,223.7086944580078,180.75196838378906,205.71060180664062,440.7407531738281,246.3800048828125
2024-07-24,217.276123046875,171.64427185058594,204.00881958007812,424.9381103515625,215.99000549316406
2024-07-25,216.23219299316406,166.3248291015625,204.08705139160156,414.53509521484375,220.25
2024-07-26,216.69949340820312,166.0464324951172,207.5786590576172,421.34161376953125,219.8000030517578
2024-07-29,216.97787475585938,168.56198120117188,206.21917724609375,422.78814697265625,232.10000610351562
2024-07-30,217.53460693359375,169.317626953125,210.4638671875,419.0133972167969,222.6199951171875
2024-07-31,220.795654296875,170.5605010986328,208.12637329101562,414.485595703125,232.07000732421875
2024-08-01,217.09716796875,169.7849578857422,203.39266967773438,413.2569885253906,216.86000061035156
2024-08-02,218.58848571777344,165.70835876464844,194.76637268066406,404.7166442871094,207.6699981689453
2024-08-05,208.05975341796875,158.34066772460938,190.61947631835938,391.4998779296875,198.8800048828125
2024-08-06,206.03152465820312,157.38616943359375,195.94000244140625,395.9186706542969,200.63999938964844
2024-08-07,208.6065673828125,158.03245544433594,195.99868774414062,394.7496032714844,191.75999450683594
2024-08-08,212.07638549804688,161.10479736328125,199.57830810546875,398.9701843261719,198.83999633789062
2024-08-09,214.9894256591797,162.7354278564453,201.2801055908203,402.26947021484375,200.0
2024-08-12,216.5222930908203,161.3633270263672,201.66152954101562,403.0521240234375,197.49000549316406
2024-08-13,220.24496459960938,163.22264099121094,203.3730926513672,410.1856689453125,207.8300018310547
2024-08-14,220.69290161132812,159.45428466796875,205.6226043701172,413.0093078613281,201.3800048828125
2024-08-15,223.6790008544922,160.3789520263672,206.90380859375,417.89263916015625,214.13999938964844
2024-08-16,225.00283813476562,162.0294952392578,209.2706756591797,415.35174560546875,216.1199951171875
2024-08-19,224.8435821533203,165.7183074951172,210.7181396484375,418.388916015625,222.72000122070312
2024-08-20,225.46067810058594,166.2253875732422,209.80859375,421.6345520019531,221.10000610351562
2024-08-21,225.3511962890625,164.9029998779297,209.8868408203125,420.9795227050781,223.27000427246094
2024-08-22,223.4898681640625,162.8647003173828,211.8722381591797,412.4534912109375,210.66000366210938
2024-08-23,225.78916931152344,164.67430114746094,213.5153350830078,413.68426513671875,220.32000732421875
2024-08-26,226.12757873535156,165.2112274169922,214.3564453125,410.4088134765625,213.2100067138672
2024-08-27,226.97364807128906,163.73965454101562,215.34426879882812,410.7562255859375,209.2100067138672
2024-08-28,225.4407958984375,161.9201202392578,216.4298858642578,407.5404052734375,205.75
2024-08-29,228.72549438476562,160.85621643066406,217.32969665527344,410.04156494140625,206.27999877929688
2024-08-30,227.9391632080078,162.4470977783203,219.86280822753906,414.0316467285156,214.11000061035156
2024-09-03,221.73805236816406,156.4614715576172,215.46163940429688,406.3890380859375,210.60000610351562
2024-09-04,219.82691955566406,155.55667114257812,214.512939453125,405.8530578613281,219.41000366210938
2024-09-05,221.34983825683594,156.34217834472656,212.85028076171875,405.3468322753906,230.1699981689453
2024-09-06,219.7970733642578,150.05824279785156,207.79383850097656,398.7066955566406,210.72999572753906
2024-09-09,219.8866424560547,148.0570831298828,212.04827880859375,402.69677734375,216.27000427246094
2024-09-10,219.09034729003906,148.00729370117188,201.04537963867188,411.11358642578125,226.1699981689453
2024-09-11,221.62852478027344,150.49632263183594,202.67868041992188,419.8876953125,228.1300048828125
2024-09-12,221.73805236816406,154.0108184814453,202.06251525878906,423.81817626953125,229.80999755859375
2024-09-13,221.4692840576172,156.76866149902344,199.8325958251953,427.38140869140625,230.2899932861328
2024-09-16,215.3179168701172,157.3660125732422,203.29486083984375,428.1258239746094,226.77999877929688
2024-09-17,215.7857208251953,158.62046813964844,204.65432739257812,431.9074401855469,227.8699951171875
2024-09-18,219.66766357421875,159.1083221435547,202.9720916748047,427.5997619628906,227.1999969482422
2024-09-19,227.8097686767578,161.4281005859375,205.8572998046875,435.4210510253906,243.9199981689453
2024-09-20,227.1428680419922,162.87173461914062,206.45391845703125,432.02655029296875,238.25
2024-09-23,225.42088317871094,161.13938903808594,206.79623413085938,430.2796936035156,250.0
2024-09-24,226.3167266845703,161.5774383544922,206.9429168701172,425.9720153808594,254.27000427246094
2024-09-25,225.3213348388672,160.7809600830078,205.5736846923828,428.89007568359375,257.0199890136719
2024-09-26,226.46603393554688,162.0155029296875,205.1726837158203,428.0960388183594,254.22000122070312
2024-09-27,226.73475646972656,163.2301483154297,205.8768768310547,424.83056640625,260.4599914550781
2024-09-30,231.920654296875,165.121826171875,206.2289581298828,427.09356689453125,261.6300048828125
2024-10-01,225.16209411621094,166.25680541992188,202.49285888671875,417.5552062988281,258.0199890136719
2024-10-02,225.7294464111328,165.13177490234375,202.7373504638672,414.0217590332031,249.02000427246094
2024-10-03,224.6245880126953,165.13177490234375,200.72262573242188,413.4361267089844,240.66000366210938
2024-10-04,225.74935913085938,166.3264923095703,207.8470001220703,412.9596862792969,250.0800018310547
2024-10-07,220.66302490234375,162.26441955566406,207.56161499023438,406.4882507324219,240.8300018310547
2024-10-08,224.72413635253906,163.65826416015625,207.38449096679688,411.6197509765625,244.5
2024-10-09,228.47665405273438,161.14932250976562,210.01185607910156,414.3492736816406,241.0500030517578
2024-10-10,227.97897338867188,161.36834716796875,209.4411163330078,412.7413330078125,238.77000427246094
2024-10-11,226.4958953857422,162.52328491210938,218.74020385742188,413.2177429199219,217.8000030517578
2024-10-14,230.228515625,164.2357177734375,217.94314575195312,416.0167541503906,219.16000366210938
2024-10-15,232.76670837402344,164.73353576660156,218.838623046875,415.6197204589844,219.57000732421875
2024-10-16,230.70626831054688,164.43484497070312,220.06866455078125,413.01922607421875,221.3300018310547
2024-10-17,231.07456970214844,162.21461486816406,220.83619689941406,413.6147766113281,220.88999938964844
2024-10-18,233.91136169433594,162.70248413085938,221.77102661132812,415.0440673828125,220.6999969482422
2024-10-21,235.38450622558594,163.34963989257812,219.43887329101562,415.659423828125,218.85000610351562
2024-10-22,234.76739501953125,164.41493225097656,220.54098510742188,424.3243713378906,217.97000122070312
2024-10-23,229.6909942626953,162.06529235839844,219.8423309326172,421.4360656738281,213.64999389648438
2024-10-24,229.50189208984375,162.00555419921875,221.3872528076172,421.5650939941406,260.4800109863281
2024-10-25,230.3380126953125,164.5443572998047,218.7598876953125,424.9595947265625,269.19000244140625
2024-10-28,232.3187713623047,165.98800659179688,221.89895629882812,423.4112548828125,262.510009765625
2024-10-29,232.5875244140625,168.9349822998047,219.34046936035156,428.7312927246094,259.5199890136719
2024-10-30,229.03407287597656,173.69400024414062,220.82635498046875,429.3069763183594,257.54998779296875
2024-10-31,224.8634796142578,170.3587188720703,218.37612915039062,403.3220520019531,249.85000610351562
2024-11-01,221.8773651123047,170.53793334960938,219.3798370361328,407.3121032714844,248.97999572753906
2024-11-04,220.98153686523438,168.49693298339844,216.27029418945312,405.41632080078125,242.83999633789062
2024-11-05,222.4148712158203,168.99473571777344,217.9530029296875,408.39398193359375,251.44000244140625
2024-11-06,221.68824768066406,175.73500061035156,243.11465454101562,417.04901123046875,288.5299987792969
2024-11-07,226.42620849609375,179.95639038085938,232.605224609375,422.2598571777344,296.9100036621094
2024-11-08,226.15716552734375,177.56692504882812,233.1956329345703,419.39141845703125,321.2200012207031
2024-11-11,223.4368133544922,179.5581512451172,235.46873474121094,414.89520263671875,350.0
2024-11-12,223.4368133544922,180.8225555419922,235.7344207763672,419.87774658203125,328.489990234375
2024-11-13,224.3236541748047,178.09458923339844,237.30886840820312,422.0315856933594,330.239990234375
2024-11-14,227.4127197265625,174.80909729003906,238.0075225830078,423.7090148925781,311.17999267578125
2024-11-15,224.2041015625,171.73268127441406,241.39260864257812,411.9075927734375,320.7200012207031
2024-11-18,227.2134246826172,174.5303192138672,241.11708068847656,412.6619567871094,338.739990234375
2024-11-19,227.47247314453125,177.33792114257812,239.2080535888672,414.6767883300781,346.0
2024-11-20,228.18995666503906,175.20733642578125,236.9349365234375,412.3939208984375,342.0299987792969
2024-11-21,227.71165466308594,166.89401245117188,240.85137939453125,410.61370849609375,339.6400146484375
2024-11-22,229.05685424804688,164.03659057617188,244.58087158203125,414.72113037109375,352.55999755859375
2024-11-25,232.04624938964844,166.9138946533203,246.29307556152344,416.5013732910156,338.5899963378906
2024-11-26,234.228515625,168.37745666503906,245.97817993164062,425.6510925292969,338.2300109863281
2024-11-27,234.0989532470703,168.48696899414062,245.80105590820312,420.67840576171875,332.8900146484375
2024-11-29,236.49049377441406,168.20819091796875,245.732177734375,421.1458740234375,345.1600036621094
2024-12-02,238.7424774169922,170.737060546875,242.31759643554688,428.624755859375,357.0899963378906
2024-12-03,241.79165649414062,170.58770751953125,240.9104461669922,428.84356689453125,351.4200134277344
2024-12-04,242.150390625,173.60440063476562,239.5131072998047,435.0295715332031,357.92999267578125
2024-12-05,242.18028259277344,171.88198852539062,241.55987548828125,440.2011413574219,369.489990234375
2024-12-06,241.98098754882812,173.9429168701172,243.4098663330078,441.14593505859375,389.2200012207031
2024-12-09,245.8771514892578,174.80010986328125,239.91656494140625,443.5825500488281,389.7900085449219
2024-12-10,246.89353942871094,184.5682830810547,238.9817352294922,440.9072265625,400.989990234375
2024-12-11,245.6180877685547,194.7650146484375,239.64102172851562,446.5363464355469,424.7699890136719
2024-12-12,247.08287048339844,191.3362274169922,237.67295837402344,447.10321044921875,418.1000061035156
2024-12-13,247.25228881835938,189.2031707763672,236.10836791992188,444.8257141113281,436.2300109863281
2024-12-16,250.15196228027344,196.02093505859375,235.7541046142578,449.1221008300781,463.0199890136719
2024-12-17,252.58334350585938,194.7849578857422,234.55360412597656,451.9764404296875,479.8599853515625
2024-12-18,247.1725616455078,187.78778076171875,226.691162109375,434.999755859375,440.1300048828125
2024-12-19,248.90638732910156,187.89739990234375,229.23983764648438,434.6416931152344,436.1700134277344
2024-12-20,253.5897674560547,190.78799438476562,233.8057403564453,434.2140808105469,421.05999755859375
2024-12-23,254.36700439453125,193.99752807617188,234.58311462402344,432.8714294433594,430.6000061035156
2024-12-24,257.28668212890625,195.47271728515625,238.44052124023438,436.92913818359375,462.2799987792969
2024-12-26,258.1037292480469,194.96437072753906,239.2572479248047,435.7157897949219,454.1300048828125
2024-12-27,254.6858673095703,192.1335906982422,237.31871032714844,428.1772155761719,431.6600036621094
2024-12-30,251.30787658691406,190.61856079101562,235.49826049804688,422.5083312988281,417.4100036621094
2024-12-31,249.5341796875,188.68484497070312,235.8820343017578,419.1965637207031,403.8399963378906
